"id","status","rating","email","img","nickname","full_name","review","date","productId","handle","variant","verified_purchase","orderId","reply","replied_at","metaobject_handle","incentivized","unpublish_reason"
"oHvSWEjPHXs","Active",4,"","","Camila R.","Camila R.","My hairdresser recommended copper peptides so i tried this and the itching calmed down witihn like a week, and still waiting to see more growh but. hoping it keeps improving.","2026-09-02T16:55:31.000Z","7815041777741","scalp-spray","","true","","","","252ae7c55fa0e8a35df7f6ff3c8c1596-oHvSWEjPHXs","",""
"ybqSSU5sd9","Active",5,"","","Denise K.","Denise K.","Hair is growing so fast! After my postpartum shedding i tried this and no more flaky itchy patches, and my ponytial actually feels bigger now. my hair stylist even noticed a difference.","2026-08-29T14:10:49.000Z","7815041777741","scalp-spray","","true","","","","252ae7c55fa0e8a35df7f6ff3c8c1596-ybqSSU5sd9","",""
"uJhtveYyRs","Active",4,"","","Carla V.","Carla V.","I want to give this five stars and I probably will once I see even more hair growth, but I have to be honest about my experience so far. The scalp relief was almost instant for me, my constant itching and flaking cleared up within the first week which was honestly a relief after years of dealing with it. The hair growth is definitely happening but a bit slower for me than some of the reviews I read before buying. Still, the fact that my scalp finally feels calm and healthy again makes this worth every penny. Sticking with it for sure.","2026-08-29T11:15:58.000Z","7815041777741","scalp-spray","","true","","","","252ae7c55fa0e8a35df7f6ff3c8c1596-uJhtveYyRs","",""
"pu_N8IjA-3","Active",5,"","","Chloe","Chloe","Not gonna lie i was desperate and the inflammation went down so fast, and so many new litlte hairs popping up everywhere. worth the money for sure.","2026-08-29T09:11:05.000Z","7815041777741","scalp-spray","","true","","","","252ae7c55fa0e8a35df7f6ff3c8c1596-pu_N8IjA-3","",""
"_FeLhSvApy","Active",5,"","","Robert W.","Robert W.","my scalp used to be so itchy and irritated and the inflammation went down so fast, and my hair feels thicker and fuller. cant recommend this enough.","2026-08-27T14:26:30.000Z","7815041777741","scalp-spray","","true","","","","252ae7c55fa0e8a35df7f6ff3c8c1596-_FeLhSvApy","",""
"PExXktDZlCw","Active",5,"","","Nancy N.","Nancy N.","My hairdresser recommended copper peptides so i tried this and my scalp isnt red and irritated anymore, and my hair is growing noticeably faster. arleady told my sister to get some.","2026-08-27T02:52:08.000Z","7815041777741","scalp-spray","","true","","","","252ae7c55fa0e8a35df7f6ff3c8c1596-PExXktDZlCw","",""
"2t_dzb4N0s","Active",5,"","","Heather V.","Heather V.","Not gonna lie i was desperate and no more flaky itchy patches, and my hair grew back in the spots that were thinning. ","2026-08-26T15:57:02.000Z","7815041777741","scalp-spray","","true","","","","252ae7c55fa0e8a35df7f6ff3c8c1596-2t_dzb4N0s","",""
"i4eWTXciGak","Active",5,"","","VANESSA X.","VANESSA X.","Hair feels fuller! I had a lot of inflammation on my scalp from stress and it really soothes my scalp when i spray it on, and my hair grew back in the spots that were thinning. 5 stars from me.","2026-08-21T08:32:15.000Z","7815041777741","scalp-spray","","true","","","","252ae7c55fa0e8a35df7f6ff3c8c1596-i4eWTXciGak","",""
"dOmCP8qjv-","Active",5,"","","Anthony M.","Anthony M.","im not the type to get excited about hair products but this one earned it. started losing hair pretty fast after a stressful year and my scalp was constantly itchy and tender to the touch. gave this a shot mostly out of desperation and honestly didnt expect much. by the third week the tenderness was gone and i started noticing new growth along my crown, which is the spot that was thinning the most. my barber actually commented on it without me saying anything, which felt like a huge win. this stuff is the real deal, not just marketing hype.","2026-08-21T07:03:44.000Z","7815041777741","scalp-spray","","true","","","","252ae7c55fa0e8a35df7f6ff3c8c1596-dOmCP8qjv-","",""
"eijfw-emCXc","Active",5,"","","KEVIN C.","KEVIN C.","I had a lot of inflammation on my scapl from stress and my scalp feels so much calmer now, and my hair is growing noticeably faster. such a good find.","2026-08-19T07:26:12.000Z","7815041777741","scalp-spray","","true","","","","252ae7c55fa0e8a35df7f6ff3c8c1596-eijfw-emCXc","",""
"zxJMJcJe1li","Active",4,"","","John K.","John K.","My hairdresser recommended copper peptides so i tried this and it really soothes my scalp when i spray it on, and still waiting to see more growth but. just wish i started sooner tbh.","2026-08-18T14:47:51.000Z","7815041777741","scalp-spray","","true","","","","252ae7c55fa0e8a35df7f6ff3c8c1596-zxJMJcJe1li","",""
"EHy3LHUPdKy","Active",5,"","","Larry E.","Larry E.","great spray, my ifnlammation went down so much.","2026-08-18T03:44:33.000Z","7815041777741","scalp-spray","","true","","","","252ae7c55fa0e8a35df7f6ff3c8c1596-EHy3LHUPdKy","",""
"ya4G0AF70S","Active",5,"","","Priya S.","Priya S.","This is the first product that has ever actually calmed my scalp psoriasis flare ups without a prescription. I was honestly desperate when I ordered this, dealing with painful itchy patches for MONTHS. The relief was almost immediate, like within a few days the burning sensation was gone. Fast forward six weeks and my hair is growing back in areas I thought were permanently thinned out. I keep touching my scalp just to feel how smooth and calm it is now instead of bumpy and inflamed. Genuinely life changing for me, I am telling every woman I know with scalp issues to try this.","2026-08-17T20:11:05.000Z","7815041777741","scalp-spray","","true","","","","252ae7c55fa0e8a35df7f6ff3c8c1596-ya4G0AF70S","",""
"itt_YJ-c53k","Active",5,"","","MATT J.","MATT J.","This stuff is magic! Amazing spray, less shedding and my scalp feels great.","2026-08-17T10:32:10.000Z","7815041777741","scalp-spray","","true","","","","252ae7c55fa0e8a35df7f6ff3c8c1596-itt_YJ-c53k","",""
"rwNOoih7SGg","Active",5,"","","Andre G.","Andre G.","So gentle on my scalp and my hair is growing back in.","2026-08-15T13:15:39.000Z","7815041777741","scalp-spray","","true","","","","252ae7c55fa0e8a35df7f6ff3c8c1596-rwNOoih7SGg","",""
"N15FPEbQ8S","Active",5,"","","derek","derek","i was today years old when i realized how bad my scalp inflammation actually was until this spray fixed it. i work outside a lot and my scalp would get so irritated and flaky, especially in the summer heat. i started using this every night after showering and within like 10 days the redness was basically gone. now a month in and my hair is noticeably thicker on top where i was starting to thin. my wife keeps asking what im doing differently lol. HANDS DOWN the best hair product ive ever used, not exaggerating.","2026-08-13T09:47:33.000Z","7815041777741","scalp-spray","","true","","","","252ae7c55fa0e8a35df7f6ff3c8c1596-N15FPEbQ8S","",""
"ybNxuFp_NDG","Active",5,"","","JASMINE F.","JASMINE F.","Love love love. love this stuff, hair is growing back thicker already.","2026-08-11T16:55:01.000Z","7815041777741","scalp-spray","","true","","","","252ae7c55fa0e8a35df7f6ff3c8c1596-ybNxuFp_NDG","",""
"EttE9M01GvP","Active",5,"","","Emma","Emma","Best product for scalp itch ive tried, hair is thicker too.","2026-08-09T15:28:44.000Z","7815041777741","scalp-spray","","true","","","","252ae7c55fa0e8a35df7f6ff3c8c1596-EttE9M01GvP","",""
"DGndOo7Sduj","Active",5,"","","Stephanie R.","Stephanie R.","I lost a lot of hair after being sick and my scalp isnt red and irritated anymore, and i can feel new gowth along my hairline. this is officially in my routine now.","2026-08-09T04:53:21.000Z","7815041777741","scalp-spray","","true","","","","252ae7c55fa0e8a35df7f6ff3c8c1596-DGndOo7Sduj","",""
"_MgO6Fr6vxN","Active",5,"","","Luis C.","Luis C.","My saclp deosnt hurt anymore and my hair is thicker.","2026-08-07T16:34:52.000Z","7815041777741","scalp-spray","","true","","","","252ae7c55fa0e8a35df7f6ff3c8c1596-_MgO6Fr6vxN","",""
"yea5ZDEDCae","Active",5,"","","Brian O.","Brian O.","Ive been using this for a few weeks now and my scalp doesnt feel tight and irritated anymore, and my hair grew back in the spots that were thinning. so glad i found this product.","2026-08-06T08:20:07.000Z","7815041777741","scalp-spray","","true","","","","252ae7c55fa0e8a35df7f6ff3c8c1596-yea5ZDEDCae","",""
"9KG27yyOxtW","Active",5,"","","KAREN D.","KAREN D.","Such a good product, seeing new hair grotwh already.","2026-08-06T03:21:37.000Z","7815041777741","scalp-spray","","true","","","","252ae7c55fa0e8a35df7f6ff3c8c1596-9KG27yyOxtW","",""
"jVHjeORxv_R","Active",5,"","","Danielle K.","Danielle K.","7 months straight and my hair has grown more than the past 2 years combined. New baby hairs everywhere and the texture is completely different. Fuller thicker and so much stronger.","2026-07-15T04:00:00.000Z","7815041777741","scalp-spray","","true","","","","252ae7c55fa0e8a35df7f6ff3c8c1596-jVHjeORxv_R","",""
"cg-KHvXp475","Active",4,"","","GARY T.","GARY T.","Helped so much with the itching and flaking, thnk you!","2025-12-26T11:37:11.000Z","7815041777741","scalp-spray","","true","","","","252ae7c55fa0e8a35df7f6ff3c8c1596-cg-KHvXp475","",""
"NUGJZY28SpP","Active",5,"","","Ryan U.","Ryan U.","Results are real! Great spray, my inflammation went down so much.","2025-12-07T04:57:45.000Z","7815041777741","scalp-spray","","true","","","","252ae7c55fa0e8a35df7f6ff3c8c1596-NUGJZY28SpP","",""
"k89KqesBP9p","Active",4,"","","Justin E.","Justin E.","Still early but my scalp feels calmer already.","2025-12-03T10:53:55.000Z","7815041777741","scalp-spray","","true","","","","252ae7c55fa0e8a35df7f6ff3c8c1596-k89KqesBP9p","",""
"A2-tQ-1ZK_n","Active",5,"","","Sharon V.","Sharon V.","My hair feels thcker ater just a few weeks, love it.","2025-11-30T15:02:20.000Z","7815041777741","scalp-spray","","true","","","","252ae7c55fa0e8a35df7f6ff3c8c1596-A2-tQ-1ZK_n","",""
"WBtMSAIw1p2","Active",5,"","","Courtney I.","Courtney I.","Ordered this on a whim and my scalp feesl so much calmer now, and the density is coming back. aleady told my sister to get some.","2025-11-20T16:59:46.000Z","7815041777741","scalp-spray","","true","","","","252ae7c55fa0e8a35df7f6ff3c8c1596-WBtMSAIw1p2","",""
"Z2nIKXCE7ZP","Active",5,"","","Robert O.","Robert O.","Thicker hair already! great product, calmed down my scalp irritation fast.","2025-11-04T13:59:54.000Z","7815041777741","scalp-spray","","true","","","","252ae7c55fa0e8a35df7f6ff3c8c1596-Z2nIKXCE7ZP","",""
"Sxao4x3pnqh","Active",4,"","","Aaliyah L.","Aaliyah L.","Seeig small improvements so far, will keep using.","2025-10-21T05:36:35.000Z","7815041777741","scalp-spray","","true","","","","252ae7c55fa0e8a35df7f6ff3c8c1596-Sxao4x3pnqh","",""
"AV-uF3aX1_a","Active",5,"","","Matt","Matt","Helpde so much with the itching and flaking, thank you!","2025-10-20T21:43:35.000Z","7815041777741","scalp-spray","","true","","","","252ae7c55fa0e8a35df7f6ff3c8c1596-AV-uF3aX1_a","",""
"79j_ZvGaAZm","Active",4,"","","AMBER U.","AMBER U.","Not bad, a little less irriattion than before.","2025-10-17T08:37:11.000Z","7815041777741","scalp-spray","","true","","","","252ae7c55fa0e8a35df7f6ff3c8c1596-79j_ZvGaAZm","",""
"8Ze4HzacLbS","Active",5,"","","Chloe","Chloe","Honestly didnt expect much but the burning and itching just stopped, and im seeing so many new baby hairs coming in. this is officially in my routine now.","2025-10-03T03:34:33.000Z","7815041777741","scalp-spray","","true","","","","252ae7c55fa0e8a35df7f6ff3c8c1596-8Ze4HzacLbS","",""
"aFWzY8zbeTW","Active",5,"","","Priya E.","Priya E.","My scalp doesnt hurt anymroe and my hair is thicker.","2025-09-19T18:48:18.000Z","7815041777741","scalp-spray","","true","","","","252ae7c55fa0e8a35df7f6ff3c8c1596-aFWzY8zbeTW","",""
"9GQD1cVPyv_","Active",4,"","","Barbara Q.","Barbara Q.","Not bad! Love this stuff, hair is growing back thicker already.","2025-09-13T02:54:54.000Z","7815041777741","scalp-spray","","true","","","","252ae7c55fa0e8a35df7f6ff3c8c1596-9GQD1cVPyv_","",""
"PQJBjE0gfQY","Active",5,"","","Amber U.","Amber U.","This really works, itch and redness gone within days.","2025-09-08T21:11:55.000Z","7815041777741","scalp-spray","","true","","","","252ae7c55fa0e8a35df7f6ff3c8c1596-PQJBjE0gfQY","",""
"Qxt0rtvDcz","Active",4,"","","Sofia","Sofia","Seeing small improvements so far, will keep using.","2025-08-29T01:17:40.000Z","7815041777741","scalp-spray","","true","","","","252ae7c55fa0e8a35df7f6ff3c8c1596-Qxt0rtvDcz","",""
"DlAoaLw110E","Active",4,"","","Ruth","Ruth","Love how it cools my scalp down, hair growing nicely.","2025-08-17T03:32:28.000Z","7815041777741","scalp-spray","","true","","","","252ae7c55fa0e8a35df7f6ff3c8c1596-DlAoaLw110E","",""
"idAoHInW2sm","Active",5,"","","Wesley H.","Wesley H.","Seeing new baby hairs! My scalp doesnt hurt anymore and my hair is thicker.","2025-08-08T11:00:08.000Z","7815041777741","scalp-spray","","true","","","","252ae7c55fa0e8a35df7f6ff3c8c1596-idAoHInW2sm","",""
"e-CvwQqwD4f","Active",5,"","","Tiffany E.","Tiffany E.","My hair feels thicker after just a few weeks, love it.","2025-07-24T00:33:31.000Z","7815041777741","scalp-spray","","true","","","","252ae7c55fa0e8a35df7f6ff3c8c1596-e-CvwQqwD4f","",""
"9_hkTxCS7U","Active",5,"","","Ruth","Ruth","my hairdresser recommended copper peptides so i tried this and the itching calmed down within like a week, and my hair is grwoing noticeably faster. cant recommend this enough.","2025-07-12T22:56:43.000Z","7815041777741","scalp-spray","","true","","","","252ae7c55fa0e8a35df7f6ff3c8c1596-9_hkTxCS7U","",""
"TatGu_0rKl","Active",5,"","","Rachel Y.","Rachel Y.","No more itchy scalp, this stuff is amazing.","2025-07-12T12:43:40.000Z","7815041777741","scalp-spray","","true","","","","252ae7c55fa0e8a35df7f6ff3c8c1596-TatGu_0rKl","",""
"Adj0Nhig61f","Active",3,"","","Hana","Hana","Not bad, a little less irritation than before.","2025-07-08T13:54:30.000Z","7815041777741","scalp-spray","","true","","","","252ae7c55fa0e8a35df7f6ff3c8c1596-Adj0Nhig61f","",""
"oTKGPDoQ5c9","Active",4,"","","Jason","Jason","Love this stuff, hair is grwing back thicker already.","2025-07-04T07:07:26.000Z","7815041777741","scalp-spray","","true","","","","252ae7c55fa0e8a35df7f6ff3c8c1596-oTKGPDoQ5c9","",""
"GmoeIw1XPTx","Active",4,"","","Matt M.","Matt M.","After my postpartum shedding i tried this and the inflammation went down so fast, and still waiting to see more growth but. this is officially in my routine now.","2025-07-02T10:30:51.000Z","7815041777741","scalp-spray","","true","","","","252ae7c55fa0e8a35df7f6ff3c8c1596-GmoeIw1XPTx","",""
"H8gMwaySbmL","Active",5,"","","Natasha R.","Natasha R.","i spent so much money on hair products and this is the first one that made a visible difference in my density. Hair is growing faster and the new strands are stronger. Looking at month 1 to month 4 is undeniable!","2025-06-28T04:00:00.000Z","7815041777741","scalp-spray","","true","","","","252ae7c55fa0e8a35df7f6ff3c8c1596-H8gMwaySbmL","",""
"DOIkoO5RT3q","Active",5,"","","Brian J.","Brian J.","Actually works! Best product for scalp itch ive tried, hair is thicker too.","2025-06-27T02:40:32.000Z","7815041777741","scalp-spray","","true","","","","252ae7c55fa0e8a35df7f6ff3c8c1596-DOIkoO5RT3q","",""
"gzhD-SNo1s","Active",5,"","","Terry K.","Terry K.","good. arrived on time","2025-06-24T04:00:00.000Z","7815041777741","scalp-spray","","true","","","","252ae7c55fa0e8a35df7f6ff3c8c1596-gzhD-SNo1s","",""
"vTbSLygsu2s","Active",2,"","","Julia C.","Julia C.","Not much happning for my scalp so far.","2025-06-23T09:25:47.000Z","7815041777741","scalp-spray","","true","","","","252ae7c55fa0e8a35df7f6ff3c8c1596-vTbSLygsu2s","",""
"8KxVE54XMdP","Active",3,"","","sofia","sofia","Still early but my scalp feels calmer already.","2025-06-20T23:12:48.000Z","7815041777741","scalp-spray","","true","","","","252ae7c55fa0e8a35df7f6ff3c8c1596-8KxVE54XMdP","",""
"7hCxzcuwdRh","Active",5,"","","Derek J.","Derek J.","Helped so much with the itching and flaking, thank you!","2025-06-07T04:52:16.000Z","7815041777741","scalp-spray","","true","","","","252ae7c55fa0e8a35df7f6ff3c8c1596-7hCxzcuwdRh","",""
"8WL-EDb9XcQ","Active",4,"","","Ray C.","Ray C.","Formula is excelent and I can see real results. Hair is growing faster and scalp feels healthy. Only wish the bottle was bigger for the price.","2025-06-05T04:00:00.000Z","7815041777741","scalp-spray","","true","","","","252ae7c55fa0e8a35df7f6ff3c8c1596-8WL-EDb9XcQ","",""
"3FkrkmquV8F","Active",3,"","","wesley","wesley","Decent product, my scalp itch is a little better.","2025-06-03T22:13:37.000Z","7815041777741","scalp-spray","","true","","","","252ae7c55fa0e8a35df7f6ff3c8c1596-3FkrkmquV8F","",""
"VLnh8hjcnFu","Active",5,"","","Stephanie K.","Stephanie K.","Thicker hair less shedding and a healthy scalp. The new growth coming in is so much stronger than what I had before!","2025-05-18T04:00:00.000Z","7815041777741","scalp-spray","","true","","","","252ae7c55fa0e8a35df7f6ff3c8c1596-VLnh8hjcnFu","",""
"7xTlIlO9EeY","Active",5,"","","Aaliyah J.","Aaliyah J.","So gentle on my scalp and my hair is growing back in.","2025-05-16T06:45:47.000Z","7815041777741","scalp-spray","","true","","","","252ae7c55fa0e8a35df7f6ff3c8c1596-7xTlIlO9EeY","",""
"QxPdlXhUXvd","Active",5,"","","Hana H.","Hana H.","Scalp feels amazing now! Hair is growing so much faster now, obsessed.","2025-05-08T22:23:19.000Z","7815041777741","scalp-spray","","true","","","","252ae7c55fa0e8a35df7f6ff3c8c1596-QxPdlXhUXvd","",""
"hflab_Ccotd","Active",5,"","","Steve M.","Steve M.","Helped so much with the itching and flaking, thank you!","2025-05-03T11:23:00.000Z","7815041777741","scalp-spray","","true","","","","252ae7c55fa0e8a35df7f6ff3c8c1596-hflab_Ccotd","",""
"rGxJz_IZpg3","Active",5,"","","Keisha P.","Keisha P.","Finally something that works. Helped so much with the itching and flaking, thank you!","2025-05-01T17:37:51.000Z","7815041777741","scalp-spray","","true","","","","252ae7c55fa0e8a35df7f6ff3c8c1596-rGxJz_IZpg3","",""
"IifE6YfTGK","Active",5,"","","Grace O.","Grace O.","Oily scalp is balanced dry patches are gone and my hair is growing faster than usual. My scalp feels clean and healthy every single day","2025-05-01T04:00:00.000Z","7815041777741","scalp-spray","","true","","","","252ae7c55fa0e8a35df7f6ff3c8c1596-IifE6YfTGK","",""
"'-YxmkLFHHH","Active",5,"","","Alexis D.","Alexis D.","4 months in and my hair is longer and thicker than it has been in years. Scalp healed up within the first few weeks and the growth since then has been incredible!","2025-04-24T04:00:00.000Z","7815041777741","scalp-spray","","true","","","","252ae7c55fa0e8a35df7f6ff3c8c1596--YxmkLFHHH","",""
"uum8G1eRYN2","Active",4,"","","Diane","Diane","Some improvement. Okay so far, less itchy but not much growth yet.","2025-04-11T02:32:03.000Z","7815041777741","scalp-spray","","true","","","","252ae7c55fa0e8a35df7f6ff3c8c1596-uum8G1eRYN2","",""
"6vWz-Ixnijn","Active",5,"","","Cynthia A.","Cynthia A.","So i started using this after my hair started thinning and the redness and irritation are basically gone, and the density is coming back. will be a repeat customer for sure.","2025-04-03T15:58:55.000Z","7815041777741","scalp-spray","","true","","","","252ae7c55fa0e8a35df7f6ff3c8c1596-6vWz-Ixnijn","",""
"OPd3YnwTeCu","Active",5,"","","Camila N.","Camila N.","Helped my scalp heal up fast, growth is noticeable too.","2025-04-02T01:24:43.000Z","7815041777741","scalp-spray","","true","","","","252ae7c55fa0e8a35df7f6ff3c8c1596-OPd3YnwTeCu","",""
"dC-jYm2l9PJ","Active",5,"","","Bonnie K.","Bonnie K.","Works great, my scalp feels so much better and less itchy!","2025-03-28T12:27:05.000Z","7815041777741","scalp-spray","","true","","","","252ae7c55fa0e8a35df7f6ff3c8c1596-dC-jYm2l9PJ","",""
"WZTATgCBc6f","Active",5,"","","Hannah R.","Hannah R.","8 weeks in and new growth is coming in along my part line. Scalp healed up fast and the hair growing back is thicker than what fell out.","2025-03-25T04:00:00.000Z","7815041777741","scalp-spray","","true","","","","252ae7c55fa0e8a35df7f6ff3c8c1596-WZTATgCBc6f","",""
"eHoAg60kZig","Active",5,"","","Heather X.","Heather X.","Shocked how well this works! Graet product, calmed down my scalp irritation fast.","2025-03-24T19:04:39.000Z","7815041777741","scalp-spray","","true","","","","252ae7c55fa0e8a35df7f6ff3c8c1596-eHoAg60kZig","",""
"plKdokZo4NH","Active",3,"","","Lisa G.","Lisa G.","Scalp does feel less dry and healthier which is great. Too early to see major hair growth results but heading in the right direction.","2025-03-19T04:00:00.000Z","7815041777741","scalp-spray","","true","","","","252ae7c55fa0e8a35df7f6ff3c8c1596-plKdokZo4NH","",""
"iCr4tiaQoK5","Active",5,"","","Rebecca O.","Rebecca O.","So gentle on my scalp and my hair is growing back in.","2025-03-14T21:22:19.000Z","7815041777741","scalp-spray","","true","","","","252ae7c55fa0e8a35df7f6ff3c8c1596-iCr4tiaQoK5","",""
"Tzcj281x8iU","Active",5,"","","OLIVIA F.","OLIVIA F.","this really works, itch and redness gone within days.","2025-02-12T13:40:36.000Z","7815041777741","scalp-spray","","true","","","","252ae7c55fa0e8a35df7f6ff3c8c1596-Tzcj281x8iU","",""
"S6g-vctjuvu","Active",5,"","","Camille B.","Camille B.","Scalp is less flakey hair feels stronger and the new growth coming in is noticeably thicker. Recommended to 3 friends already.","2025-02-12T05:00:00.000Z","7815041777741","scalp-spray","","true","","","","252ae7c55fa0e8a35df7f6ff3c8c1596-S6g-vctjuvu","",""
"Pg0lEzSslcp","Active",5,"","","Sofia L.","Sofia L.","3 months in and my ponytail is noticeably fuller. Hair is growing faster and the new strands are thicker and stronger. My husband noticed without me saying anything.","2025-01-25T05:00:00.000Z","7815041777741","scalp-spray","","true","","","","252ae7c55fa0e8a35df7f6ff3c8c1596-Pg0lEzSslcp","",""
"1J9C7QTzL1","Active",5,"","","Matt B.","Matt B.","love how it cools my scalp down, hair growing nicely.","2025-01-23T21:25:20.000Z","7815041777741","scalp-spray","","true","","","","252ae7c55fa0e8a35df7f6ff3c8c1596-1J9C7QTzL1","",""
"7QEKTI9QOY2","Active",5,"","","Sofia P.","Sofia P.","Genuinely impressed. Great for saclp irritation, hair feels fuller too.","2025-01-20T23:41:07.000Z","7815041777741","scalp-spray","","true","","","","252ae7c55fa0e8a35df7f6ff3c8c1596-7QEKTI9QOY2","",""
"Pf4lpDkURMw","Active",5,"","","Hannah M.","Hannah M.","Great product, calmed down my scalp irritation fast.","2025-01-19T11:52:07.000Z","7815041777741","scalp-spray","","true","","","","252ae7c55fa0e8a35df7f6ff3c8c1596-Pf4lpDkURMw","",""
"hrCSV7PzsZ2","Active",5,"","","Priya M.","Priya M.","Hair sheds so much less and the new growth coming in is thicker and stronger. Honestly shocked at how well this works.","2025-01-14T05:00:00.000Z","7815041777741","scalp-spray","","true","","","","252ae7c55fa0e8a35df7f6ff3c8c1596-hrCSV7PzsZ2","",""
"RkW_lGqoJ00","Active",5,"","","Amanda R.","Amanda R.","2 months using this and baby hairs are coming in around my hairline and my scalp feels completely healed. Does not weigh hair down at all.","2025-01-03T05:00:00.000Z","7815041777741","scalp-spray","","true","","","","252ae7c55fa0e8a35df7f6ff3c8c1596-RkW_lGqoJ00","",""
"wpvPzyjaBtg","Active",5,"","","melissa","melissa","Great for scalp irritation, hair feels fuller too.","2024-12-25T07:49:03.000Z","7815041777741","scalp-spray","","true","","","","252ae7c55fa0e8a35df7f6ff3c8c1596-wpvPzyjaBtg","",""
"GkKUzm41IOc","Active",5,"","","EMMA L.","EMMA L.","Scalp feels so calm now, no more redness or itch.","2024-12-18T21:26:47.000Z","7815041777741","scalp-spray","","true","","","","252ae7c55fa0e8a35df7f6ff3c8c1596-GkKUzm41IOc","",""
"6c0Fg70FQZV","Active",4,"","","Cynthia","Cynthia","Big difference! Works great, my scalp feels so much better and less itchy!","2024-12-18T20:00:06.000Z","7815041777741","scalp-spray","","true","","","","252ae7c55fa0e8a35df7f6ff3c8c1596-6c0Fg70FQZV","",""
"h6cucZFnqnk","Active",5,"","","Brittany","Brittany","Great product, calmed down my scalp irritation fast.","2024-12-05T07:42:32.000Z","7815041777741","scalp-spray","","true","","","","252ae7c55fa0e8a35df7f6ff3c8c1596-h6cucZFnqnk","",""
"tyZfv25clDp","Active",5,"","","Luis M.","Luis M.","Great product, calmed down my scalp irritation fast.","2024-11-29T05:43:51.000Z","7815041777741","scalp-spray","","true","","","","252ae7c55fa0e8a35df7f6ff3c8c1596-tyZfv25clDp","",""
"mT3vZUluRqG","Active",4,"","","Jessica D.","Jessica D.","seeing small improvements so far, will keep using.","2024-11-14T12:43:49.000Z","7815041777741","scalp-spray","","true","","","","252ae7c55fa0e8a35df7f6ff3c8c1596-mT3vZUluRqG","",""
"2xuthLF8K3y","Active",5,"","","mark","mark","i had a lot of inflammation on my scalp from stress and my scalp isnt red and irritated anymore, and the shedding has slowed down a lot. such a good find.","2024-10-30T01:04:43.000Z","7815041777741","scalp-spray","","true","","","","252ae7c55fa0e8a35df7f6ff3c8c1596-2xuthLF8K3y","",""
"Wo7HoI8FnlQ","Active",5,"","","Courtney M.","Courtney M.","Scalp feels amazing now! no more itcyh scalp, this stuff is amazing.","2024-10-22T21:43:54.000Z","7815041777741","scalp-spray","","true","","","","252ae7c55fa0e8a35df7f6ff3c8c1596-Wo7HoI8FnlQ","",""
"56nNMslM5g1","Active",5,"","","Hannah M.","Hannah M.","Love this stuff, hair is growing back thicker already.","2024-10-21T19:20:03.000Z","7815041777741","scalp-spray","","true","","","","252ae7c55fa0e8a35df7f6ff3c8c1596-56nNMslM5g1","",""
"6_AVVT0aTR","Active",5,"","","David U.","David U.","Genuinely impressed. Really helped with my scalp inflammation, will buy again.","2024-10-06T16:25:13.000Z","7815041777741","scalp-spray","","true","","","","252ae7c55fa0e8a35df7f6ff3c8c1596-6_AVVT0aTR","",""
"lB7rAsZi10","Active",4,"","","Grace B.","Grace B.","Some improvement with the itching, hair still the same.","2024-10-01T12:05:59.000Z","7815041777741","scalp-spray","","true","","","","252ae7c55fa0e8a35df7f6ff3c8c1596-lB7rAsZi10","",""
"hOhlZnYEFb","Active",4,"","","angela","angela","Its okay! my scapl doesnt hurt aynmore and my hair is thicker.","2024-09-28T01:36:11.000Z","7815041777741","scalp-spray","","true","","","","252ae7c55fa0e8a35df7f6ff3c8c1596-hOhlZnYEFb","",""
"uE31BRIK9J","Active",5,"","","Cynthia T.","Cynthia T.","My scalp thanks me! Great product, caled down my scalp irritation fast.","2024-09-23T16:11:32.000Z","7815041777741","scalp-spray","","true","","","","252ae7c55fa0e8a35df7f6ff3c8c1596-uE31BRIK9J","",""
"qSacWtLZu7W","Active",5,"","","Miguel G.","Miguel G.","My scalp doesnt hurt anymoe and my hair is thicker.","2024-09-03T07:14:07.000Z","7815041777741","scalp-spray","","true","","","","252ae7c55fa0e8a35df7f6ff3c8c1596-qSacWtLZu7W","",""
"CGnDuk3-Jjo","Active",5,"","","Carlos C.","Carlos C.","helped so much with the itching and flaking, thank you!","2024-08-25T16:53:06.000Z","7815041777741","scalp-spray","","true","","","","252ae7c55fa0e8a35df7f6ff3c8c1596-CGnDuk3-Jjo","",""
"qtf_C0GZ8ue","Active",5,"","","Katie","Katie","Best product for scalp itch ive tried, hair is thicker too.","2024-08-18T04:52:28.000Z","7815041777741","scalp-spray","","true","","","","252ae7c55fa0e8a35df7f6ff3c8c1596-qtf_C0GZ8ue","",""
"DXnKoaodEpG","Active",5,"","","Justin","Justin","Hair feels so much thicker, scalp isnt itchy anymore.","2024-08-16T23:22:16.000Z","7815041777741","scalp-spray","","true","","","","252ae7c55fa0e8a35df7f6ff3c8c1596-DXnKoaodEpG","",""
"wtpYnCvIVaA","Active",5,"","","Megan N.","Megan N.","Itch is gone! My hair feels thicker after just a few weeks, love it.","2024-08-08T19:30:06.000Z","7815041777741","scalp-spray","","true","","","","252ae7c55fa0e8a35df7f6ff3c8c1596-wtpYnCvIVaA","",""
"hpHCNMm1OYk","Active",5,"","","Michelle N.","Michelle N.","Hair is growing so much faster now, obsessed.","2024-08-05T12:55:44.000Z","7815041777741","scalp-spray","","true","","","","252ae7c55fa0e8a35df7f6ff3c8c1596-hpHCNMm1OYk","",""
"Ptejw_SsRYF","Active",5,"","","Miguel L.","Miguel L.","Helped my scalp heal up fast, gorwth is noticeable too.","2024-08-02T00:53:58.000Z","7815041777741","scalp-spray","","true","","","","252ae7c55fa0e8a35df7f6ff3c8c1596-Ptejw_SsRYF","",""
"Eie9bYpba9y","Active",5,"","","Brittany H.","Brittany H.","Amazing so far! Hair feels so much thicker, scalp isnt itchy anymore.","2024-07-28T19:46:16.000Z","7815041777741","scalp-spray","","true","","","","252ae7c55fa0e8a35df7f6ff3c8c1596-Eie9bYpba9y","",""
"DrT9zal6wPs","Active",5,"","","MEI B.","MEI B.","Wish i found this sooner. Scalp feels so calm now, no more redness or itch.","2024-07-19T21:17:17.000Z","7815041777741","scalp-spray","","true","","","","252ae7c55fa0e8a35df7f6ff3c8c1596-DrT9zal6wPs","",""
"dd4X3l-UGYj","Active",5,"","","Jason","Jason","No more itchy scalp, this stuff is amazing.","2024-07-17T02:13:09.000Z","7815041777741","scalp-spray","","true","","","","252ae7c55fa0e8a35df7f6ff3c8c1596-dd4X3l-UGYj","",""
"ibqQ0iMkiGj","Active",5,"","","Monica F.","Monica F.","So gentle on my scalp and my hair is growing back in.","2024-07-16T04:33:26.000Z","7815041777741","scalp-spray","","true","","","","252ae7c55fa0e8a35df7f6ff3c8c1596-ibqQ0iMkiGj","",""
"zFwKB1zc-cv","Active",5,"","","ERICA X.","ERICA X.","my hairdresser recommended copper peptides so i tried this and it cooled down the itchiness almost instantly, and my ponytail actually feels bigger now. already told my sister to get some.","2024-07-14T14:29:09.000Z","7815041777741","scalp-spray","","true","","","","252ae7c55fa0e8a35df7f6ff3c8c1596-zFwKB1zc-cv","",""
"zF5WdTbnGvh","Active",5,"","","Keisha Y.","Keisha Y.","Best product for scalp itch ive tried, hair is thicker too.","2024-07-14T10:28:41.000Z","7815041777741","scalp-spray","","true","","","","252ae7c55fa0e8a35df7f6ff3c8c1596-zF5WdTbnGvh","",""
"RPfn_uKJ7rH","Active",5,"","","Anthony F.","Anthony F.","My scalp doesnt hurt anymore and my hair is thicker.","2024-07-11T19:58:18.000Z","7815041777741","scalp-spray","","true","","","","252ae7c55fa0e8a35df7f6ff3c8c1596-RPfn_uKJ7rH","",""
"u89nvBQTnPq","Active",5,"","","Luis E.","Luis E.","Great for scalp irritation, hair feels fuller too.","2024-07-10T08:30:19.000Z","7815041777741","scalp-spray","","true","","","","252ae7c55fa0e8a35df7f6ff3c8c1596-u89nvBQTnPq","",""
"ispsKJlk_n2","Active",5,"","","Camila","Camila","Hair is growing so much faster now, obsessed.","2024-07-10T04:59:52.000Z","7815041777741","scalp-spray","","true","","","","252ae7c55fa0e8a35df7f6ff3c8c1596-ispsKJlk_n2","",""
"YUR0eIMv-rU","Active",5,"","","Mark R.","Mark R.","not gonna lie i was desperate and the burning and itching just stopped, and the density is coming back. gonna order the bigger bttle next.","2024-07-05T20:58:49.000Z","7815041777741","scalp-spray","","true","","","","252ae7c55fa0e8a35df7f6ff3c8c1596-YUR0eIMv-rU","",""
"FcJ-ubskf_h","Active",5,"","","Amanda W.","Amanda W.","I lost a lot of hair after being sick and it cooled down the itchiness almost instantly, and my hair grew back in the spots that were thinning. ","2024-07-04T04:17:53.000Z","7815041777741","scalp-spray","","true","","","","252ae7c55fa0e8a35df7f6ff3c8c1596-FcJ-ubskf_h","",""
"HLT2mr66DNr","Active",2,"","","Latoya","Latoya","was hopnig this would help my scalp but didnt notice much change in the irritation, and not seeing much difference in thickness yet. maybe it just doesnt work for my hair type.","2024-06-26T06:28:41.000Z","7815041777741","scalp-spray","","true","","","","252ae7c55fa0e8a35df7f6ff3c8c1596-HLT2mr66DNr","",""
"ebTp3otVJ_","Active",5,"","","JUDY Z.","JUDY Z.","No more itchy scalp, this stuff is amazing.","2024-06-15T15:14:22.000Z","7815041777741","scalp-spray","","true","","","","252ae7c55fa0e8a35df7f6ff3c8c1596-ebTp3otVJ_","",""
"qeTAAKoCQRN","Active",5,"","","ROBERT I.","ROBERT I.","Calmed my scalp down! Ordered this on a whim and my scalp doesnt feel tight and irritated anymore, and im seeing so many new baby hairs coming in. so glad i found this product.","2024-05-23T12:57:07.000Z","7815041777741","scalp-spray","","true","","","","252ae7c55fa0e8a35df7f6ff3c8c1596-qeTAAKoCQRN","",""
"9YuN6GRugjv","Active",3,"","","Crystal","Crystal","Still early but my scalp feels calmer already.","2024-05-17T17:12:05.000Z","7815041777741","scalp-spray","","true","","","","252ae7c55fa0e8a35df7f6ff3c8c1596-9YuN6GRugjv","",""
"fgiAzHPBk","Active",4,"","","RUTH W.","RUTH W.","Not bad, a little less irritation than before.","2024-05-14T19:57:00.000Z","7815041777741","scalp-spray","","true","","","","252ae7c55fa0e8a35df7f6ff3c8c1596-fgiAzHPBk","",""
"s3FDL4DVqB","Active",3,"","","Carlos I.","Carlos I.","Okay so far, less itchy but not much growth yet.","2024-05-10T21:26:05.000Z","7815041777741","scalp-spray","","true","","","","252ae7c55fa0e8a35df7f6ff3c8c1596-s3FDL4DVqB","",""
"spBeWqLcuz","Active",5,"","","Robert G.","Robert G.","This stuff is magic! My hairdresser recommended copper peptides so i tried this and the burning and itching just stopped, and my ponytail actually feels bigger now. worth the money for sure.","2024-05-10T16:59:01.000Z","7815041777741","scalp-spray","","true","","","","252ae7c55fa0e8a35df7f6ff3c8c1596-spBeWqLcuz","",""
"v8PCrRaXV7w","Active",5,"","","Yuki G.","Yuki G.","Scalp fels so calm now, no more redness or itch.","2024-05-05T18:48:33.000Z","7815041777741","scalp-spray","","true","","","","252ae7c55fa0e8a35df7f6ff3c8c1596-v8PCrRaXV7w","",""
"pW7Ssr9jlmN","Active",5,"","","LUIS K.","LUIS K.","Great for salp irritation, hair feels fuller too.","2024-05-01T16:10:22.000Z","7815041777741","scalp-spray","","true","","","","252ae7c55fa0e8a35df7f6ff3c8c1596-pW7Ssr9jlmN","",""
"xDTPRopeUfz","Active",5,"","","Larry Z.","Larry Z.","Amazing spray, less shedding and my scalp feels great.","2024-04-04T23:33:39.000Z","7815041777741","scalp-spray","","true","","","","252ae7c55fa0e8a35df7f6ff3c8c1596-xDTPRopeUfz","",""
"mA9BEt671VI","Active",5,"","","ANGELA Z.","ANGELA Z.","Really helped with my scalp inflammation, will buy again.","2024-03-24T00:43:32.000Z","7815041777741","scalp-spray","","true","","","","252ae7c55fa0e8a35df7f6ff3c8c1596-mA9BEt671VI","",""
"WQVccgAB4_m","Active",5,"","","Emma","Emma","Helped so much with the itching and flaking, thank you!","2024-03-22T21:03:20.000Z","7815041777741","scalp-spray","","true","","","","252ae7c55fa0e8a35df7f6ff3c8c1596-WQVccgAB4_m","",""
"nNSVlkD8tTb","Active",5,"","","Sofia J.","Sofia J.","Ordered this on a whim and it cooled down the itchiness almost instantly, and the shedding has slowed down a lot. my hair stylist even noticed a difference.","2024-03-05T22:43:30.000Z","7815041777741","scalp-spray","","true","","","","252ae7c55fa0e8a35df7f6ff3c8c1596-nNSVlkD8tTb","",""
"Ezm9LnPGXkE","Active",5,"","","Grace P.","Grace P.","So i started using this after my hair started thinning and my scalp feels so much calmer now, and im seeing so many new baby hairs coming in. gonna order the bigger bottle next.","2024-02-20T07:26:52.000Z","7815041777741","scalp-spray","","true","","","","252ae7c55fa0e8a35df7f6ff3c8c1596-Ezm9LnPGXkE","",""
"5NL0MSVKOsP","Active",5,"","","stephanie","stephanie","Hair is growing so much faster now, obsessed.","2024-01-25T18:10:04.000Z","7815041777741","scalp-spray","","true","","","","252ae7c55fa0e8a35df7f6ff3c8c1596-5NL0MSVKOsP","",""
"3l9GsgYik9W","Active",5,"","","Cheryl G.","Cheryl G.","No more itchy scalp, this stuf is amazing.","2024-01-18T19:47:33.000Z","7815041777741","scalp-spray","","true","","","","252ae7c55fa0e8a35df7f6ff3c8c1596-3l9GsgYik9W","",""
"Uhah_Yh3bQ_","Active",5,"","","Vicki W.","Vicki W.","Amazing spray, less shedding and my scalp feels great.","2024-01-04T00:56:56.000Z","7815041777741","scalp-spray","","true","","","","252ae7c55fa0e8a35df7f6ff3c8c1596-Uhah_Yh3bQ_","",""
"VHPDBUZ5wlu","Active",5,"","","Nicole","Nicole","Hair is growing so much faster now, obsessed.","2024-01-02T20:19:53.000Z","7815041777741","scalp-spray","","true","","","","252ae7c55fa0e8a35df7f6ff3c8c1596-VHPDBUZ5wlu","",""
"o0-oMjauYin","Active",5,"","","CRYSTAL O.","CRYSTAL O.","So gentle on my scalp and my hair is growng back in.","2024-01-02T16:31:04.000Z","7815041777741","scalp-spray","","true","","","","252ae7c55fa0e8a35df7f6ff3c8c1596-o0-oMjauYin","",""
"Y86g0hfvXjd","Active",4,"","","ERIC R.","ERIC R.","Amazing spray, less shdeding and my salp feels great.","2023-12-30T16:34:42.000Z","7815041777741","scalp-spray","","true","","","","252ae7c55fa0e8a35df7f6ff3c8c1596-Y86g0hfvXjd","",""
"JtAUP5_WN02","Active",3,"","","David C.","David C.","Slow but steady results! Honestly didnt expect much but it really soothes my scalp when i spray it on, and havent seen much hair growth yet though. we'll see how it goes after another bottle.","2023-12-24T21:32:44.000Z","7815041777741","scalp-spray","","true","","","","252ae7c55fa0e8a35df7f6ff3c8c1596-JtAUP5_WN02","",""
"TDb3dr3JEy5","Active",5,"","","Brittany U.","Brittany U.","Such a good product, seeing new hair growth already.","2023-12-23T13:42:49.000Z","7815041777741","scalp-spray","","true","","","","252ae7c55fa0e8a35df7f6ff3c8c1596-TDb3dr3JEy5","",""
"cshItGwIVX0","Active",4,"","","Yolanda A.","Yolanda A.","Some improvement with the itching, hair still the same.","2023-12-22T17:17:22.000Z","7815041777741","scalp-spray","","true","","","","252ae7c55fa0e8a35df7f6ff3c8c1596-cshItGwIVX0","",""
"V9KAXP1mX0P","Active",4,"","","Vanessa P.","Vanessa P.","This really works, itch and redness gone within days.","2023-12-21T02:50:09.000Z","7815041777741","scalp-spray","","true","","","","252ae7c55fa0e8a35df7f6ff3c8c1596-V9KAXP1mX0P","",""
"cIQwGyQWT_U","Active",5,"","","Camila","Camila","Less flaky and itchy! Helped my scalp heal up fast, growth is noticeable too.","2023-11-14T16:21:41.000Z","7815041777741","scalp-spray","","true","","","","252ae7c55fa0e8a35df7f6ff3c8c1596-cIQwGyQWT_U","",""
"4tMZdx6vX2t","Active",4,"","","Paul","Paul","my scalp doesnt hurt anymore and my hair is thicker.","2023-11-02T10:12:40.000Z","7815041777741","scalp-spray","","true","","","","252ae7c55fa0e8a35df7f6ff3c8c1596-4tMZdx6vX2t","",""
"TbmFnL4-X0","Active",5,"","","Andre Z.","Andre Z.","Really helped with my scap inflammation, will buy again.","2023-10-19T20:30:07.000Z","7815041777741","scalp-spray","","true","","","","252ae7c55fa0e8a35df7f6ff3c8c1596-TbmFnL4-X0","",""
"TjLryF-AXY","Active",5,"","","Mei","Mei","Wish i found this sooner! my hair feels thicker after just a few weeks, love it.","2023-10-11T23:33:49.000Z","7815041777741","scalp-spray","","true","","","","252ae7c55fa0e8a35df7f6ff3c8c1596-TjLryF-AXY","",""
"N5sC9a_nsIf","Active",5,"","","Hannah W.","Hannah W.","I was skeptical at first but my scalp isnt red and irritated anymore, and my hair is growing noticeably faster. this is officially in my routine now.","2023-09-30T23:21:32.000Z","7815041777741","scalp-spray","","true","","","","252ae7c55fa0e8a35df7f6ff3c8c1596-N5sC9a_nsIf","",""
"wU_2676-xMd","Active",5,"","","Sharon C.","Sharon C.","Great for scalp irritation, hair feels fuller too.","2023-09-16T04:46:46.000Z","7815041777741","scalp-spray","","true","","","","252ae7c55fa0e8a35df7f6ff3c8c1596-wU_2676-xMd","",""
"dUUS-vceDif","Active",5,"","","michelle","michelle","This really works, itch and redness gone within days.","2023-08-24T14:44:48.000Z","7815041777741","scalp-spray","","true","","","","252ae7c55fa0e8a35df7f6ff3c8c1596-dUUS-vceDif","",""
"1HvIw14IgVC","Active",4,"","","Steve","Steve","Ordered this on a whim and it really soothes my scalp when i spray it on, and still waiting to see more growth but. such a good find.","2023-08-22T12:08:04.000Z","7815041777741","scalp-spray","","true","","","","252ae7c55fa0e8a35df7f6ff3c8c1596-1HvIw14IgVC","",""
"z3JstZ9TB86","Active",5,"","","Chloe Z.","Chloe Z.","Helped so much with the itching and flaking, thank you!","2023-08-08T12:11:54.000Z","7815041777741","scalp-spray","","true","","","","252ae7c55fa0e8a35df7f6ff3c8c1596-z3JstZ9TB86","",""
"y_DGVgAceZ0","Active",4,"","","Sarah C.","Sarah C.","Genuinely impressed. Okay so far, less itchy but not much growth yet.","2023-07-30T14:46:14.000Z","7815041777741","scalp-spray","","true","","","","252ae7c55fa0e8a35df7f6ff3c8c1596-y_DGVgAceZ0","",""
"lZViRMsOwIo","Active",5,"","","Mei F.","Mei F.","Such a good product, seeing new hair grwth already.","2023-07-30T00:26:47.000Z","7815041777741","scalp-spray","","true","","","","252ae7c55fa0e8a35df7f6ff3c8c1596-lZViRMsOwIo","",""
"f0uituyb_m_","Active",5,"","","Sarah N.","Sarah N.","So happy with this! Great for scalp irritation, hair feels fuller too.","2023-07-22T23:39:51.000Z","7815041777741","scalp-spray","","true","","","","252ae7c55fa0e8a35df7f6ff3c8c1596-f0uituyb_m_","",""
"AKsI4qECGK","Active",5,"","","Andre","Andre","My scalp doesnt hurt anymore and my hair is thicker.","2023-07-15T21:40:18.000Z","7815041777741","scalp-spray","","true","","","","252ae7c55fa0e8a35df7f6ff3c8c1596-AKsI4qECGK","",""
"9gNBjdGa5l","Active",4,"","","sarah","sarah","Still early but my sclp feels calmer already.","2023-06-27T18:05:49.000Z","7815041777741","scalp-spray","","true","","","","252ae7c55fa0e8a35df7f6ff3c8c1596-9gNBjdGa5l","",""
"tsnvDWzc-qR","Active",5,"","","AMANDA B.","AMANDA B.","Hair is growing so much faster now, obsessed.","2023-06-22T21:12:06.000Z","7815041777741","scalp-spray","","true","","","","252ae7c55fa0e8a35df7f6ff3c8c1596-tsnvDWzc-qR","",""
"WssFPOUoJsF","Active",5,"","","bonnie","bonnie","My hair feels thicker after just a few weeks, love it.","2023-06-21T10:18:48.000Z","7815041777741","scalp-spray","","true","","","","252ae7c55fa0e8a35df7f6ff3c8c1596-WssFPOUoJsF","",""
"DUth6uOBwl_","Active",5,"","","Wei L.","Wei L.","Less shedding for sure. Works great, my scalp feels so much better and less itchy!","2023-06-07T18:44:01.000Z","7815041777741","scalp-spray","","true","","","","252ae7c55fa0e8a35df7f6ff3c8c1596-DUth6uOBwl_","",""
"w8rpnTpiz40","Active",5,"","","Carmen E.","Carmen E.","Helped so much with the itching and flaking, thank you!","2023-06-01T11:18:05.000Z","7815041777741","scalp-spray","","true","","","","252ae7c55fa0e8a35df7f6ff3c8c1596-w8rpnTpiz40","",""
"wEE7BY5Y4XL","Active",5,"","","Nancy M.","Nancy M.","No more ichy scalp, this stuff is amazing.","2023-05-16T11:17:34.000Z","7815041777741","scalp-spray","","true","","","","252ae7c55fa0e8a35df7f6ff3c8c1596-wEE7BY5Y4XL","",""
"IXBBNUPoKVB","Active",5,"","","Nancy L.","Nancy L.","My hair feels thicker after just a few weeks, love it.","2023-05-08T15:50:14.000Z","7815041777741","scalp-spray","","true","","","","252ae7c55fa0e8a35df7f6ff3c8c1596-IXBBNUPoKVB","",""
"9in8KqqVRft","Active",5,"","","christina","christina","Seeing new baby hairs! This really works, itch and redness gone wtihin days.","2023-04-18T06:31:47.000Z","7815041777741","scalp-spray","","true","","","","252ae7c55fa0e8a35df7f6ff3c8c1596-9in8KqqVRft","",""
"W-OsChR5cWY","Active",5,"","","Linda U.","Linda U.","Thicker hair already. Such a good product, seeing new hair growth already.","2023-03-22T10:34:45.000Z","7815041777741","scalp-spray","","true","","","","252ae7c55fa0e8a35df7f6ff3c8c1596-W-OsChR5cWY","",""
"vp3JEdGdGuw","Active",5,"","","Diana","Diana","No more itchy scalp, this stuf is amazing.","2023-03-21T19:20:55.000Z","7815041777741","scalp-spray","","true","","","","252ae7c55fa0e8a35df7f6ff3c8c1596-vp3JEdGdGuw","",""
"GR1enxvkHyH","Active",5,"","","VANESSA S.","VANESSA S.","Scalp feels so calm now, no more redness or itch.","2023-02-11T00:19:26.000Z","7815041777741","scalp-spray","","true","","","","252ae7c55fa0e8a35df7f6ff3c8c1596-GR1enxvkHyH","",""
"ARGTYNoAX3c","Active",5,"","","Camila J.","Camila J.","My scalp was so flaky and red before and the redness and irritation are basically gone, and my hair feels thicker and fuller. def gonna keep buying this.","2023-01-15T19:57:35.000Z","7815041777741","scalp-spray","","true","","","","252ae7c55fa0e8a35df7f6ff3c8c1596-ARGTYNoAX3c","",""
"V9MDTDu6C6u","Active",4,"","","Eric F.","Eric F.","ive been using this for a few weeks now and my scalp doesnt feel tight and irritated anymore, and still waiting to see more growth but. def gonna keep buying this.","2023-01-12T22:08:09.000Z","7815041777741","scalp-spray","","true","","","","252ae7c55fa0e8a35df7f6ff3c8c1596-V9MDTDu6C6u","",""
"95_yQPPeMRX","Active",5,"","","Heather","Heather","Hair feels fuller. Been dealing with dandruff and itchiness for years and my scalp doesnt feel tight and irritated anymore, and i can feel new growth along my hairline. this has been a lifesaver honestly.","2023-01-06T10:05:42.000Z","7815041777741","scalp-spray","","true","","","","252ae7c55fa0e8a35df7f6ff3c8c1596-95_yQPPeMRX","",""
